{"Version":1,"ManifestType":"Publish","Endpoints":[{"Route":"APPMAUI.nth4vs4fub.styles.css","AssetFile":"APPMAUI.styles.css","Selectors":[],"ResponseHeaders":[{"Name":"Cache-Control","Value":"max-age=31536000, immutable"},{"Name":"Content-Length","Value":"5439"},{"Name":"Content-Type","Value":"text/css"},{"Name":"ETag","Value":"\"O6IDoGfYO1R0gsXKyHjuDayu8XgtCK0QPhKAHiYTdVk=\""},{"Name":"Last-Modified","Value":"Wed, 25 Feb 2026 02:19:53 GMT"}],"EndpointProperties":[{"Name":"fingerprint","Value":"nth4vs4fub"},{"Name":"integrity","Value":"sha256-O6IDoGfYO1R0gsXKyHjuDayu8XgtCK0QPhKAHiYTdVk="},{"Name":"label","Value":"APPMAUI.styles.css"}]},{"Route":"APPMAUI.styles.css","AssetFile":"APPMAUI.styles.css","Selectors":[],"ResponseHeaders":[{"Name":"Cache-Control","Value":"no-cache"},{"Name":"Content-Length","Value":"5439"},{"Name":"Content-Type","Value":"text/css"},{"Name":"ETag","Value":"\"O6IDoGfYO1R0gsXKyHjuDayu8XgtCK0QPhKAHiYTdVk=\""},{"Name":"Last-Modified","Value":"Wed, 25 Feb 2026 02:19:53 GMT"}],"EndpointProperties":[{"Name":"integrity","Value":"sha256-O6IDoGfYO1R0gsXKyHjuDayu8XgtCK0QPhKAHiYTdVk="}]},{"Route":"app.css","AssetFile":"app.css","Selectors":[],"ResponseHeaders":[{"Name":"Cache-Control","Value":"no-cache"},{"Name":"Content-Length","Value":"3782"},{"Name":"Content-Type","Value":"text/css"},{"Name":"ETag","Value":"\"nFylSeTQ3ygyMJHNscjogfd4BGBCQqZTIkMSWaHaZLQ=\""},{"Name":"Last-Modified","Value":"Wed, 18 Feb 2026 03:45:29 GMT"}],"EndpointProperties":[{"Name":"integrity","Value":"sha256-nFylSeTQ3ygyMJHNscjogfd4BGBCQqZTIkMSWaHaZLQ="}]},{"Route":"app.kmn8zot022.css","AssetFile":"app.css","Selectors":[],"ResponseHeaders":[{"Name":"Cache-Control","Value":"max-age=31536000, immutable"},{"Name":"Content-Length","Value":"3782"},{"Name":"Content-Type","Value":"text/css"},{"Name":"ETag","Value":"\"nFylSeTQ3ygyMJHNscjogfd4BGBCQqZTIkMSWaHaZLQ=\""},{"Name":"Last-Modified","Value":"Wed, 18 Feb 2026 03:45:29 GMT"}],"EndpointProperties":[{"Name":"fingerprint","Value":"kmn8zot022"},{"Name":"integrity","Value":"sha256-nFylSeTQ3ygyMJHNscjogfd4BGBCQqZTIkMSWaHaZLQ="},{"Name":"label","Value":"app.css"}]},{"Route":"index.html","AssetFile":"index.html","Selectors":[],"ResponseHeaders":[{"Name":"Cache-Control","Value":"no-cache"},{"Name":"Content-Length","Value":"874"},{"Name":"Content-Type","Value":"text/html"},{"Name":"ETag","Value":"\"Lc/2S5Rqu29OXPaQHJCaaYPW2Qg51jD+uESsChIcpGY=\""},{"Name":"Last-Modified","Value":"Wed, 18 Feb 2026 03:45:29 GMT"}],"EndpointProperties":[{"Name":"integrity","Value":"sha256-Lc/2S5Rqu29OXPaQHJCaaYPW2Qg51jD+uESsChIcpGY="}]},{"Route":"index.xjab1lbc1h.html","AssetFile":"index.html","Selectors":[],"ResponseHeaders":[{"Name":"Cache-Control","Value":"max-age=31536000, immutable"},{"Name":"Content-Length","Value":"874"},{"Name":"Content-Type","Value":"text/html"},{"Name":"ETag","Value":"\"Lc/2S5Rqu29OXPaQHJCaaYPW2Qg51jD+uESsChIcpGY=\""},{"Name":"Last-Modified","Value":"Wed, 18 Feb 2026 03:45:29 GMT"}],"EndpointProperties":[{"Name":"fingerprint","Value":"xjab1lbc1h"},{"Name":"integrity","Value":"sha256-Lc/2S5Rqu29OXPaQHJCaaYPW2Qg51jD+uESsChIcpGY="},{"Name":"label","Value":"index.html"}]},{"Route":"lib/bootstrap/dist/css/bootstrap.min.08mtdlppm0.css","AssetFile":"lib/bootstrap/dist/css/bootstrap.min.css","Selectors":[],"ResponseHeaders":[{"Name":"Cache-Control","Value":"max-age=31536000, immutable"},{"Name":"Content-Length","Value":"232810"},{"Name":"Content-Type","Value":"text/css"},{"Name":"ETag","Value":"\"QHmL423+qgn8fqkPD2Hb/blzaK8A4ALJRal/4lVYPMs=\""},{"Name":"Last-Modified","Value":"Wed, 18 Feb 2026 03:45:29 GMT"}],"EndpointProperties":[{"Name":"fingerprint","Value":"08mtdlppm0"},{"Name":"integrity","Value":"sha256-QHmL423+qgn8fqkPD2Hb/blzaK8A4ALJRal/4lVYPMs="},{"Name":"label","Value":"lib/bootstrap/dist/css/bootstrap.min.css"}]},{"Route":"lib/bootstrap/dist/css/bootstrap.min.css","AssetFile":"lib/bootstrap/dist/css/bootstrap.min.css","Selectors":[],"ResponseHeaders":[{"Name":"Cache-Control","Value":"no-cache"},{"Name":"Content-Length","Value":"232810"},{"Name":"Content-Type","Value":"text/css"},{"Name":"ETag","Value":"\"QHmL423+qgn8fqkPD2Hb/blzaK8A4ALJRal/4lVYPMs=\""},{"Name":"Last-Modified","Value":"Wed, 18 Feb 2026 03:45:29 GMT"}],"EndpointProperties":[{"Name":"integrity","Value":"sha256-QHmL423+qgn8fqkPD2Hb/blzaK8A4ALJRal/4lVYPMs="}]},{"Route":"lib/bootstrap/dist/css/bootstrap.min.css.ca434j9tb9.map","AssetFile":"lib/bootstrap/dist/css/bootstrap.min.css.map","Selectors":[],"ResponseHeaders":[{"Name":"Cache-Control","Value":"max-age=31536000, immutable"},{"Name":"Content-Length","Value":"589893"},{"Name":"Content-Type","Value":"text/plain"},{"Name":"ETag","Value":"\"dLjmWc4YRAp7XkxEmYm7/xV1ebW+YQ0LrlrrKVB8kXY=\""},{"Name":"Last-Modified","Value":"Wed, 18 Feb 2026 03:45:29 GMT"}],"EndpointProperties":[{"Name":"fingerprint","Value":"ca434j9tb9"},{"Name":"integrity","Value":"sha256-dLjmWc4YRAp7XkxEmYm7/xV1ebW+YQ0LrlrrKVB8kXY="},{"Name":"label","Value":"lib/bootstrap/dist/css/bootstrap.min.css.map"}]},{"Route":"lib/bootstrap/dist/css/bootstrap.min.css.map","AssetFile":"lib/bootstrap/dist/css/bootstrap.min.css.map","Selectors":[],"ResponseHeaders":[{"Name":"Cache-Control","Value":"no-cache"},{"Name":"Content-Length","Value":"589893"},{"Name":"Content-Type","Value":"text/plain"},{"Name":"ETag","Value":"\"dLjmWc4YRAp7XkxEmYm7/xV1ebW+YQ0LrlrrKVB8kXY=\""},{"Name":"Last-Modified","Value":"Wed, 18 Feb 2026 03:45:29 GMT"}],"EndpointProperties":[{"Name":"integrity","Value":"sha256-dLjmWc4YRAp7XkxEmYm7/xV1ebW+YQ0LrlrrKVB8kXY="}]},{"Route":"maui-share-helper.aqu2ouuvvb.js","AssetFile":"maui-share-helper.js","Selectors":[],"ResponseHeaders":[{"Name":"Cache-Control","Value":"max-age=31536000, immutable"},{"Name":"Content-Length","Value":"4059"},{"Name":"Content-Type","Value":"text/javascript"},{"Name":"ETag","Value":"\"7gf/AHBNhBWyCQT/22S4DlBEOiMEpnfIvzKxFzLEOWU=\""},{"Name":"Last-Modified","Value":"Wed, 25 Feb 2026 00:47:27 GMT"}],"EndpointProperties":[{"Name":"fingerprint","Value":"aqu2ouuvvb"},{"Name":"integrity","Value":"sha256-7gf/AHBNhBWyCQT/22S4DlBEOiMEpnfIvzKxFzLEOWU="},{"Name":"label","Value":"maui-share-helper.js"}]},{"Route":"maui-share-helper.js","AssetFile":"maui-share-helper.js","Selectors":[],"ResponseHeaders":[{"Name":"Cache-Control","Value":"no-cache"},{"Name":"Content-Length","Value":"4059"},{"Name":"Content-Type","Value":"text/javascript"},{"Name":"ETag","Value":"\"7gf/AHBNhBWyCQT/22S4DlBEOiMEpnfIvzKxFzLEOWU=\""},{"Name":"Last-Modified","Value":"Wed, 25 Feb 2026 00:47:27 GMT"}],"EndpointProperties":[{"Name":"integrity","Value":"sha256-7gf/AHBNhBWyCQT/22S4DlBEOiMEpnfIvzKxFzLEOWU="}]}]}